Page ID	Topic	Page Type	Keyword	Meta Title	Meta Description	H1	H2	URL	Search Volume (MSV)	Keyword Difficulty (KD)	CPC (Cost Per Click)	Search Intent	Current Position
Sweatshirts Collections	Sweatshirts	Collections Page	sweatshirt	Vintage Sweatshirts, Mens Sweatshirts & Unisex Sweatshirts | Wild Donkey	Vintage-inspired sweatshirts for everyday wear. Graphic, embroidered and oversized styles built with comfort and edge.	Vintage Sweatshirts for Mens & Womens	Handcrafted Unisex Sweatshirts & Italian Lifestyle Clothing	/collections/sweatshirts	22200	40	0.58	Transactional	
Sweatshirts Collections	Sweatshirts	Collections Page	mens sweatshirts	Vintage Sweatshirts, Mens Sweatshirts & Unisex Sweatshirts | Wild Donkey	Vintage-inspired sweatshirts for everyday wear. Graphic, embroidered and oversized styles built with comfort and edge.	Vintage Sweatshirts for Mens & Womens	Handcrafted Unisex Sweatshirts & Italian Lifestyle Clothing	/collections/sweatshirts	22200	40	0.54	Commercial	
Sweatshirts Collections	Sweatshirts	Collections Page	vintage sweatshirts	Vintage Sweatshirts, Mens Sweatshirts & Unisex Sweatshirts | Wild Donkey	Vintage-inspired sweatshirts for everyday wear. Graphic, embroidered and oversized styles built with comfort and edge.	Vintage Sweatshirts for Mens & Womens	Handcrafted Unisex Sweatshirts & Italian Lifestyle Clothing	/collections/sweatshirts	1900	13	0.37	Transactional	
Sweatshirts Collections	Sweatshirts	Collections Page	vintage sweatshirts mens	Vintage Sweatshirts, Mens Sweatshirts & Unisex Sweatshirts | Wild Donkey	Vintage-inspired sweatshirts for everyday wear. Graphic, embroidered and oversized styles built with comfort and edge.	Vintage Sweatshirts for Mens & Womens	Handcrafted Unisex Sweatshirts & Italian Lifestyle Clothing	/collections/sweatshirts	880	14	0.48	Transactional	
Sweatshirts Collections	Sweatshirts	Collections Page	vintage sweatshirts womens	Vintage Sweatshirts, Mens Sweatshirts & Unisex Sweatshirts | Wild Donkey	Vintage-inspired sweatshirts for everyday wear. Graphic, embroidered and oversized styles built with comfort and edge.	Vintage Sweatshirts for Mens & Womens	Handcrafted Unisex Sweatshirts & Italian Lifestyle Clothing	/collections/sweatshirts	320	15	0.4	Commercial	
Sweatshirts Collections	Sweatshirts	Collections Page	unisex sweatshirts	Vintage Sweatshirts, Mens Sweatshirts & Unisex Sweatshirts | Wild Donkey	Vintage-inspired sweatshirts for everyday wear. Graphic, embroidered and oversized styles built with comfort and edge.	Vintage Sweatshirts for Mens & Womens	Handcrafted Unisex Sweatshirts & Italian Lifestyle Clothing	/collections/sweatshirts	140	12	0.6	Transactional	
Sweatshirts Collections	Sweatshirts	Collections Page	sweatshirts unisex	Vintage Sweatshirts, Mens Sweatshirts & Unisex Sweatshirts | Wild Donkey	Vintage-inspired sweatshirts for everyday wear. Graphic, embroidered and oversized styles built with comfort and edge.	Vintage Sweatshirts for Mens & Womens	Handcrafted Unisex Sweatshirts & Italian Lifestyle Clothing	/collections/sweatshirts	140	13		Transactional	
Sweatshirts Collections	Sweatshirts	Collections Page	vintage sweatshirts uk	Vintage Sweatshirts, Mens Sweatshirts & Unisex Sweatshirts | Wild Donkey	Vintage-inspired sweatshirts for everyday wear. Graphic, embroidered and oversized styles built with comfort and edge.	Vintage Sweatshirts for Mens & Womens	Handcrafted Unisex Sweatshirts & Italian Lifestyle Clothing	/collections/sweatshirts	90	10	0.47	Transactional	
T-Shirts Collections	T-Shirts	Collections Page	t shirt	Vintage T-Shirts, Mens T-Shirts & Womens T-Shirts | Wild Donkey	Retro T-shirts designed for self-expression. Explore graphic logos, pigment-dyed finishes and easy shapes built to last.	Vintage T-Shirts for Mens & Womens	Handcrafted Unisex T-Shirts & Italian Graphic Tees	/collections/t-shirts	74000	41	1.05	Transactional	
T-Shirts Collections	T-Shirts	Collections Page	mens t shirts	Vintage T-Shirts, Mens T-Shirts & Womens T-Shirts | Wild Donkey	Retro T-shirts designed for self-expression. Explore graphic logos, pigment-dyed finishes and easy shapes built to last.	Vintage T-Shirts for Mens & Womens	Handcrafted Unisex T-Shirts & Italian Graphic Tees	/collections/t-shirts	60500	36	0.97	Commercial	
T-Shirts Collections	T-Shirts	Collections Page	womens t shirts	Vintage T-Shirts, Mens T-Shirts & Womens T-Shirts | Wild Donkey	Retro T-shirts designed for self-expression. Explore graphic logos, pigment-dyed finishes and easy shapes built to last.	Vintage T-Shirts for Mens & Womens	Handcrafted Unisex T-Shirts & Italian Graphic Tees	/collections/t-shirts	18100	39	0.69	Commercial	
T-Shirts Collections	T-Shirts	Collections Page	vintage t shirts	Vintage T-Shirts, Mens T-Shirts & Womens T-Shirts | Wild Donkey	Retro T-shirts designed for self-expression. Explore graphic logos, pigment-dyed finishes and easy shapes built to last.	Vintage T-Shirts for Mens & Womens	Handcrafted Unisex T-Shirts & Italian Graphic Tees	/collections/t-shirts	3600	25	0.42	Transactional	
T-Shirts Collections	T-Shirts	Collections Page	graphic t shirts	Vintage T-Shirts, Mens T-Shirts & Womens T-Shirts | Wild Donkey	Retro T-shirts designed for self-expression. Explore graphic logos, pigment-dyed finishes and easy shapes built to last.	Vintage T-Shirts for Mens & Womens	Handcrafted Unisex T-Shirts & Italian Graphic Tees	/collections/t-shirts	8100	0	0.56	Transactional	
T-Shirts Collections	T-Shirts	Collections Page	tee shirts	Vintage T-Shirts, Mens T-Shirts & Womens T-Shirts | Wild Donkey	Retro T-shirts designed for self-expression. Explore graphic logos, pigment-dyed finishes and easy shapes built to last.	Vintage T-Shirts for Mens & Womens	Handcrafted Unisex T-Shirts & Italian Graphic Tees	/collections/t-shirts	2900	39	1.01	Transactional	
T-Shirts Collections	T-Shirts	Collections Page	unisex t shirts	Vintage T-Shirts, Mens T-Shirts & Womens T-Shirts | Wild Donkey	Retro T-shirts designed for self-expression. Explore graphic logos, pigment-dyed finishes and easy shapes built to last.	Vintage T-Shirts for Mens & Womens	Handcrafted Unisex T-Shirts & Italian Graphic Tees	/collections/t-shirts	320	14	0.61	Transactional	
T-Shirts Collections	T-Shirts	Collections Page	t shirts uk	Vintage T-Shirts, Mens T-Shirts & Womens T-Shirts | Wild Donkey	Retro T-shirts designed for self-expression. Explore graphic logos, pigment-dyed finishes and easy shapes built to last.	Vintage T-Shirts for Mens & Womens	Handcrafted Unisex T-Shirts & Italian Graphic Tees	/collections/t-shirts	880	32	1	Transactional	
T-Shirts Collections	T-Shirts	Collections Page	vintage t shirts mens	Vintage T-Shirts, Mens T-Shirts & Womens T-Shirts | Wild Donkey	Retro T-shirts designed for self-expression. Explore graphic logos, pigment-dyed finishes and easy shapes built to last.	Vintage T-Shirts for Mens & Womens	Handcrafted Unisex T-Shirts & Italian Graphic Tees	/collections/t-shirts	110	22	0.52	Transactional	
T-Shirts Collections	T-Shirts	Collections Page	vintage t shirts womens	Vintage T-Shirts, Mens T-Shirts & Womens T-Shirts | Wild Donkey	Retro T-shirts designed for self-expression. Explore graphic logos, pigment-dyed finishes and easy shapes built to last.	Vintage T-Shirts for Mens & Womens	Handcrafted Unisex T-Shirts & Italian Graphic Tees	/collections/t-shirts	590	14	0.44	Commercial	
Vintage Hoodies Collections	Hoodies	Collections Page	hoodie	Vintage Hoodies, Graphic Hoodies & Unisex Hoodies | Wild Donkey	Laid-back hoodies with retro detailing. From pigment washes to embroidery, these pieces deliver relaxed fits and timeless attitude.	Vintage Hoodies & Graphic Hoodies	Handcrafted Unisex Hoodies & Italian Lifestyle Clothing	/collections/hoodies	49500	43	0.6	Commercial	
Vintage Hoodies Collections	Hoodies	Collections Page	hoodies	Vintage Hoodies, Graphic Hoodies & Unisex Hoodies | Wild Donkey	Laid-back hoodies with retro detailing. From pigment washes to embroidery, these pieces deliver relaxed fits and timeless attitude.	Vintage Hoodies & Graphic Hoodies	Handcrafted Unisex Hoodies & Italian Lifestyle Clothing	/collections/hoodies	49500	42	0.6	Commercial	
Vintage Hoodies Collections	Hoodies	Collections Page	mens hoodies	Vintage Hoodies, Graphic Hoodies & Unisex Hoodies | Wild Donkey	Laid-back hoodies with retro detailing. From pigment washes to embroidery, these pieces deliver relaxed fits and timeless attitude.	Vintage Hoodies & Graphic Hoodies	Handcrafted Unisex Hoodies & Italian Lifestyle Clothing	/collections/hoodies	33100	41	0.55	Commercial	
Vintage Hoodies Collections	Hoodies	Collections Page	womens hoodies	Vintage Hoodies, Graphic Hoodies & Unisex Hoodies | Wild Donkey	Laid-back hoodies with retro detailing. From pigment washes to embroidery, these pieces deliver relaxed fits and timeless attitude.	Vintage Hoodies & Graphic Hoodies	Handcrafted Unisex Hoodies & Italian Lifestyle Clothing	/collections/hoodies	14800	43	0.54	Commercial	
Vintage Hoodies Collections	Hoodies	Collections Page	graphic hoodies	Vintage Hoodies, Graphic Hoodies & Unisex Hoodies | Wild Donkey	Laid-back hoodies with retro detailing. From pigment washes to embroidery, these pieces deliver relaxed fits and timeless attitude.	Vintage Hoodies & Graphic Hoodies	Handcrafted Unisex Hoodies & Italian Lifestyle Clothing	/collections/hoodies	4400	30	0.61	Commercial	
Vintage Hoodies Collections	Hoodies	Collections Page	hoody	Vintage Hoodies, Graphic Hoodies & Unisex Hoodies | Wild Donkey	Laid-back hoodies with retro detailing. From pigment washes to embroidery, these pieces deliver relaxed fits and timeless attitude.	Vintage Hoodies & Graphic Hoodies	Handcrafted Unisex Hoodies & Italian Lifestyle Clothing	/collections/hoodies	4400	28	0.71	Transactional	
Vintage Hoodies Collections	Hoodies	Collections Page	vintage hoodies	Vintage Hoodies, Graphic Hoodies & Unisex Hoodies | Wild Donkey	Laid-back hoodies with retro detailing. From pigment washes to embroidery, these pieces deliver relaxed fits and timeless attitude.	Vintage Hoodies & Graphic Hoodies	Handcrafted Unisex Hoodies & Italian Lifestyle Clothing	/collections/hoodies	1000	15	0.37	Commercial	
Vintage Hoodies Collections	Hoodies	Collections Page	hoodies uk	Vintage Hoodies, Graphic Hoodies & Unisex Hoodies | Wild Donkey	Laid-back hoodies with retro detailing. From pigment washes to embroidery, these pieces deliver relaxed fits and timeless attitude.	Vintage Hoodies & Graphic Hoodies	Handcrafted Unisex Hoodies & Italian Lifestyle Clothing	/collections/hoodies	480	41	0.79	Transactional	
Vintage Hoodies Collections	Hoodies	Collections Page	unisex hoodies	Vintage Hoodies, Graphic Hoodies & Unisex Hoodies | Wild Donkey	Laid-back hoodies with retro detailing. From pigment washes to embroidery, these pieces deliver relaxed fits and timeless attitude.	Vintage Hoodies & Graphic Hoodies	Handcrafted Unisex Hoodies & Italian Lifestyle Clothing	/collections/hoodies	260	9	0.54	Transactional	
Vintage Hoodies Collections	Hoodies	Collections Page	pullover hoodies	Vintage Hoodies, Graphic Hoodies & Unisex Hoodies | Wild Donkey	Laid-back hoodies with retro detailing. From pigment washes to embroidery, these pieces deliver relaxed fits and timeless attitude.	Vintage Hoodies & Graphic Hoodies	Handcrafted Unisex Hoodies & Italian Lifestyle Clothing	/collections/hoodies	260	40	0.73	Transactional	
Trousers & Sweatpants Collections	Trousers & Sweatpants	Collections Page	trousers	Vintage Trousers & Sweatpants, Mens & Womens Sweatpants | Wild Donkey	Discover vintage trousers & sweatpants from Wild Donkey - handcrafted Italian mens & womens clothing. Premium vintage made in Italy.	Vintage Trousers & Sweatpants	Handcrafted Vintage Logo Sweatpants & Character Print Trousers	/collections/vintage-trousers-sweatpants	27100	43	0.59	Commercial	
Trousers & Sweatpants Collections	Trousers & Sweatpants	Collections Page	mens trousers	Vintage Trousers & Sweatpants, Mens & Womens Sweatpants | Wild Donkey	Discover vintage trousers & sweatpants from Wild Donkey - handcrafted Italian mens & womens clothing. Premium vintage made in Italy.	Vintage Trousers & Sweatpants	Handcrafted Vintage Logo Sweatpants & Character Print Trousers	/collections/vintage-trousers-sweatpants	12100	33	0.81	Commercial	
Trousers & Sweatpants Collections	Trousers & Sweatpants	Collections Page	sweatpants	Vintage Trousers & Sweatpants, Mens & Womens Sweatpants | Wild Donkey	Discover vintage trousers & sweatpants from Wild Donkey - handcrafted Italian mens & womens clothing. Premium vintage made in Italy.	Vintage Trousers & Sweatpants	Handcrafted Vintage Logo Sweatpants & Character Print Trousers	/collections/vintage-trousers-sweatpants	8100	27	0.69	Commercial	
Trousers & Sweatpants Collections	Trousers & Sweatpants	Collections Page	womens trousers	Vintage Trousers & Sweatpants, Mens & Womens Sweatpants | Wild Donkey	Discover vintage trousers & sweatpants from Wild Donkey - handcrafted Italian mens & womens clothing. Premium vintage made in Italy.	Vintage Trousers & Sweatpants	Handcrafted Vintage Logo Sweatpants & Character Print Trousers	/collections/vintage-trousers-sweatpants	5400	40	0.5	Commercial	
Trousers & Sweatpants Collections	Trousers & Sweatpants	Collections Page	mens sweatpants	Vintage Trousers & Sweatpants, Mens & Womens Sweatpants | Wild Donkey	Discover vintage trousers & sweatpants from Wild Donkey - handcrafted Italian mens & womens clothing. Premium vintage made in Italy.	Vintage Trousers & Sweatpants	Handcrafted Vintage Logo Sweatpants & Character Print Trousers	/collections/vintage-trousers-sweatpants	1300	28	0.65	Commercial	
Trousers & Sweatpants Collections	Trousers & Sweatpants	Collections Page	womens sweatpants	Vintage Trousers & Sweatpants, Mens & Womens Sweatpants | Wild Donkey	Discover vintage trousers & sweatpants from Wild Donkey - handcrafted Italian mens & womens clothing. Premium vintage made in Italy.	Vintage Trousers & Sweatpants	Handcrafted Vintage Logo Sweatpants & Character Print Trousers	/collections/vintage-trousers-sweatpants	320	30	0.66	Commercial	
Trousers & Sweatpants Collections	Trousers & Sweatpants	Collections Page	vintage trousers	Vintage Trousers & Sweatpants, Mens & Womens Sweatpants | Wild Donkey	Discover vintage trousers & sweatpants from Wild Donkey - handcrafted Italian mens & womens clothing. Premium vintage made in Italy.	Vintage Trousers & Sweatpants	Handcrafted Vintage Logo Sweatpants & Character Print Trousers	/collections/vintage-trousers-sweatpants	260	19	0.45	Commercial	
Trousers & Sweatpants Collections	Trousers & Sweatpants	Collections Page	vintage trousers mens	Vintage Trousers & Sweatpants, Mens & Womens Sweatpants | Wild Donkey	Discover vintage trousers & sweatpants from Wild Donkey - handcrafted Italian mens & womens clothing. Premium vintage made in Italy.	Vintage Trousers & Sweatpants	Handcrafted Vintage Logo Sweatpants & Character Print Trousers	/collections/vintage-trousers-sweatpants	140	16	0.51	Commercial	
Trousers & Sweatpants Collections	Trousers & Sweatpants	Collections Page	unisex trousers	Vintage Trousers & Sweatpants, Mens & Womens Sweatpants | Wild Donkey	Discover vintage trousers & sweatpants from Wild Donkey - handcrafted Italian mens & womens clothing. Premium vintage made in Italy.	Vintage Trousers & Sweatpants	Handcrafted Vintage Logo Sweatpants & Character Print Trousers	/collections/vintage-trousers-sweatpants	70	12	0.46	Commercial	
Trousers & Sweatpants Collections	Trousers & Sweatpants	Collections Page	vintage sweatpants	Vintage Trousers & Sweatpants, Mens & Womens Sweatpants | Wild Donkey	Discover vintage trousers & sweatpants from Wild Donkey - handcrafted Italian mens & womens clothing. Premium vintage made in Italy.	Vintage Trousers & Sweatpants	Handcrafted Vintage Logo Sweatpants & Character Print Trousers	/collections/vintage-trousers-sweatpants	30	14		Commercial	
Knitwear & Sweaters Collections	Knitwear & Sweaters	Collections Page	knitwear	Vintage Knitwear & Sweaters, Mens & Womens Italian Knitwear | Wild Donkey	Statement knits made for layering. Shop cardigans and crewnecks with vintage styling, crafted for warmth and comfort.	Vintage Knitwear & Sweaters	Handcrafted Italian Knitwear & Vintage Logo Sweaters	/collections/knitwear-sweaters	6600	37	0.66	Commercial	
Knitwear & Sweaters Collections	Knitwear & Sweaters	Collections Page	sweaters	Vintage Knitwear & Sweaters, Mens & Womens Italian Knitwear | Wild Donkey	Statement knits made for layering. Shop cardigans and crewnecks with vintage styling, crafted for warmth and comfort.	Vintage Knitwear & Sweaters	Handcrafted Italian Knitwear & Vintage Logo Sweaters	/collections/knitwear-sweaters	4400	32	0.65	Commercial	
Knitwear & Sweaters Collections	Knitwear & Sweaters	Collections Page	mens knitwear	Vintage Knitwear & Sweaters, Mens & Womens Italian Knitwear | Wild Donkey	Statement knits made for layering. Shop cardigans and crewnecks with vintage styling, crafted for warmth and comfort.	Vintage Knitwear & Sweaters	Handcrafted Italian Knitwear & Vintage Logo Sweaters	/collections/knitwear-sweaters	2900	33	0.75	Commercial	
Knitwear & Sweaters Collections	Knitwear & Sweaters	Collections Page	mens sweaters	Vintage Knitwear & Sweaters, Mens & Womens Italian Knitwear | Wild Donkey	Statement knits made for layering. Shop cardigans and crewnecks with vintage styling, crafted for warmth and comfort.	Vintage Knitwear & Sweaters	Handcrafted Italian Knitwear & Vintage Logo Sweaters	/collections/knitwear-sweaters	2900	36	0.7	Commercial	
Knitwear & Sweaters Collections	Knitwear & Sweaters	Collections Page	womens knitwear	Vintage Knitwear & Sweaters, Mens & Womens Italian Knitwear | Wild Donkey	Statement knits made for layering. Shop cardigans and crewnecks with vintage styling, crafted for warmth and comfort.	Vintage Knitwear & Sweaters	Handcrafted Italian Knitwear & Vintage Logo Sweaters	/collections/knitwear-sweaters	2400	44	0.5	Commercial	
Knitwear & Sweaters Collections	Knitwear & Sweaters	Collections Page	knitted sweaters	Vintage Knitwear & Sweaters, Mens & Womens Italian Knitwear | Wild Donkey	Statement knits made for layering. Shop cardigans and crewnecks with vintage styling, crafted for warmth and comfort.	Vintage Knitwear & Sweaters	Handcrafted Italian Knitwear & Vintage Logo Sweaters	/collections/knitwear-sweaters	720	32	0.58	Transactional	
Knitwear & Sweaters Collections	Knitwear & Sweaters	Collections Page	vintage sweaters	Vintage Knitwear & Sweaters, Mens & Womens Italian Knitwear | Wild Donkey	Statement knits made for layering. Shop cardigans and crewnecks with vintage styling, crafted for warmth and comfort.	Vintage Knitwear & Sweaters	Handcrafted Italian Knitwear & Vintage Logo Sweaters	/collections/knitwear-sweaters	260	20	0.36	Commercial	
Knitwear & Sweaters Collections	Knitwear & Sweaters	Collections Page	italian knitwear	Vintage Knitwear & Sweaters, Mens & Womens Italian Knitwear | Wild Donkey	Statement knits made for layering. Shop cardigans and crewnecks with vintage styling, crafted for warmth and comfort.	Vintage Knitwear & Sweaters	Handcrafted Italian Knitwear & Vintage Logo Sweaters	/collections/knitwear-sweaters	170	10	0.63	Transactional	
Knitwear & Sweaters Collections	Knitwear & Sweaters	Collections Page	vintage knitwear	Vintage Knitwear & Sweaters, Mens & Womens Italian Knitwear | Wild Donkey	Statement knits made for layering. Shop cardigans and crewnecks with vintage styling, crafted for warmth and comfort.	Vintage Knitwear & Sweaters	Handcrafted Italian Knitwear & Vintage Logo Sweaters	/collections/knitwear-sweaters	140	14	0.32	Transactional	
Knitwear & Sweaters Collections	Knitwear & Sweaters	Collections Page	logo sweaters	Vintage Knitwear & Sweaters, Mens & Womens Italian Knitwear | Wild Donkey	Statement knits made for layering. Shop cardigans and crewnecks with vintage styling, crafted for warmth and comfort.	Vintage Knitwear & Sweaters	Handcrafted Italian Knitwear & Vintage Logo Sweaters	/collections/knitwear-sweaters	10	0	1.78	Transactional	
Vintage Shirts & Printed Shirts Collections	Shirts	Collections Page	shirts	Vintage Shirts & Hand Printed Shirts, Mens & Womens Italian Shirts | Wild Donkey	Bold printed shirts for expressive summer style. Discover vintage patterns, relaxed fits, and retro textures designed for everyday wear.	Vintage Shirts & Hand Printed Shirts	Handcrafted Short Sleeve Shirts & Italian Printed Shirts	/collections/shirts	14800	43	1.18	Commercial	
Vintage Shirts & Printed Shirts Collections	Shirts	Collections Page	mens shirts	Vintage Shirts & Hand Printed Shirts, Mens & Womens Italian Shirts | Wild Donkey	Bold printed shirts for expressive summer style. Discover vintage patterns, relaxed fits, and retro textures designed for everyday wear.	Vintage Shirts & Hand Printed Shirts	Handcrafted Short Sleeve Shirts & Italian Printed Shirts	/collections/shirts	27100	50	1.26	Commercial	
Vintage Shirts & Printed Shirts Collections	Shirts	Collections Page	short sleeve shirts	Vintage Shirts & Hand Printed Shirts, Mens & Womens Italian Shirts | Wild Donkey	Bold printed shirts for expressive summer style. Discover vintage patterns, relaxed fits, and retro textures designed for everyday wear.	Vintage Shirts & Hand Printed Shirts	Handcrafted Short Sleeve Shirts & Italian Printed Shirts	/collections/shirts	5400	33	0.87	Transactional	
Vintage Shirts & Printed Shirts Collections	Shirts	Collections Page	womens shirts	Vintage Shirts & Hand Printed Shirts, Mens & Womens Italian Shirts | Wild Donkey	Bold printed shirts for expressive summer style. Discover vintage patterns, relaxed fits, and retro textures designed for everyday wear.	Vintage Shirts & Hand Printed Shirts	Handcrafted Short Sleeve Shirts & Italian Printed Shirts	/collections/shirts	4400	37	0.64	Commercial	
Vintage Shirts & Printed Shirts Collections	Shirts	Collections Page	vintage shirts	Vintage Shirts & Hand Printed Shirts, Mens & Womens Italian Shirts | Wild Donkey	Bold printed shirts for expressive summer style. Discover vintage patterns, relaxed fits, and retro textures designed for everyday wear.	Vintage Shirts & Hand Printed Shirts	Handcrafted Short Sleeve Shirts & Italian Printed Shirts	/collections/shirts	880	33	0.5	Commercial	
Vintage Shirts & Printed Shirts Collections	Shirts	Collections Page	printed shirts	Vintage Shirts & Hand Printed Shirts, Mens & Womens Italian Shirts | Wild Donkey	Bold printed shirts for expressive summer style. Discover vintage patterns, relaxed fits, and retro textures designed for everyday wear.	Vintage Shirts & Hand Printed Shirts	Handcrafted Short Sleeve Shirts & Italian Printed Shirts	/collections/shirts	1300	29	1.05	Transactional	
Vintage Shirts & Printed Shirts Collections	Shirts	Collections Page	button up shirts	Vintage Shirts & Hand Printed Shirts, Mens & Womens Italian Shirts | Wild Donkey	Bold printed shirts for expressive summer style. Discover vintage patterns, relaxed fits, and retro textures designed for everyday wear.	Vintage Shirts & Hand Printed Shirts	Handcrafted Short Sleeve Shirts & Italian Printed Shirts	/collections/shirts	880	24	0.68	Commercial	
Vintage Shirts & Printed Shirts Collections	Shirts	Collections Page	italian shirts	Vintage Shirts & Hand Printed Shirts, Mens & Womens Italian Shirts | Wild Donkey	Bold printed shirts for expressive summer style. Discover vintage patterns, relaxed fits, and retro textures designed for everyday wear.	Vintage Shirts & Hand Printed Shirts	Handcrafted Short Sleeve Shirts & Italian Printed Shirts	/collections/shirts	480	14	1.03	Transactional	
Vintage Shirts & Printed Shirts Collections	Shirts	Collections Page	unisex shirts	Vintage Shirts & Hand Printed Shirts, Mens & Womens Italian Shirts | Wild Donkey	Bold printed shirts for expressive summer style. Discover vintage patterns, relaxed fits, and retro textures designed for everyday wear.	Vintage Shirts & Hand Printed Shirts	Handcrafted Short Sleeve Shirts & Italian Printed Shirts	/collections/shirts	110	10	0.72	Transactional	
Vintage Shirts & Printed Shirts Collections	Shirts	Collections Page	hand printed shirts	Vintage Shirts & Hand Printed Shirts, Mens & Womens Italian Shirts | Wild Donkey	Bold printed shirts for expressive summer style. Discover vintage patterns, relaxed fits, and retro textures designed for everyday wear.	Vintage Shirts & Hand Printed Shirts	Handcrafted Short Sleeve Shirts & Italian Printed Shirts	/collections/shirts	20	7	0.48	Transactional	
Outerwear Collections	Jackets	Collections Page	mens jackets	Mens & Unisex Vintage Workwear Jackets | Wild Donkey	Shop mens and unisex jackets with a workwear edge. Corduroy, embroidered, and vintage styles made for everyday wear.	Mens & Unisex Jackets	Italian-Made Jackets with Timeless Appeal	/collections/jackets	74000	48	0.46	Commercial	
Outerwear Collections	Jackets	Collections Page	italian jackets	Mens & Unisex Vintage Workwear Jackets | Wild Donkey	Shop mens and unisex jackets with a workwear edge. Corduroy, embroidered, and vintage styles made for everyday wear.	Mens & Unisex Jackets	Italian-Made Jackets with Timeless Appeal	/collections/jackets	390	12	0.61	Transactional	
Outerwear Collections	Jackets	Collections Page	womens workwear jackets	Mens & Unisex Vintage Workwear Jackets | Wild Donkey	Shop mens and unisex jackets with a workwear edge. Corduroy, embroidered, and vintage styles made for everyday wear.	Mens & Unisex Jackets	Italian-Made Jackets with Timeless Appeal	/collections/jackets	320	15	0.46	Transactional	
Outerwear Collections	Jackets	Collections Page	vintage workwear jackets	Mens & Unisex Vintage Workwear Jackets | Wild Donkey	Shop mens and unisex jackets with a workwear edge. Corduroy, embroidered, and vintage styles made for everyday wear.	Mens & Unisex Jackets	Italian-Made Jackets with Timeless Appeal	/collections/jackets	260	11	0.42	Transactional	
Outerwear Collections	Jackets	Collections Page	corduroy trucker jacket	Mens & Unisex Vintage Workwear Jackets | Wild Donkey	Shop mens and unisex jackets with a workwear edge. Corduroy, embroidered, and vintage styles made for everyday wear.	Mens & Unisex Jackets	Italian-Made Jackets with Timeless Appeal	/collections/jackets	260	15	0.5	Transactional	
Outerwear Collections	Jackets	Collections Page	unisex jackets	Mens & Unisex Vintage Workwear Jackets | Wild Donkey	Shop mens and unisex jackets with a workwear edge. Corduroy, embroidered, and vintage styles made for everyday wear.	Mens & Unisex Jackets	Italian-Made Jackets with Timeless Appeal	/collections/jackets	140	12		Transactional	
Outerwear Collections	Jackets	Collections Page	embroidered work jacket	Mens & Unisex Vintage Workwear Jackets | Wild Donkey	Shop mens and unisex jackets with a workwear edge. Corduroy, embroidered, and vintage styles made for everyday wear.	Mens & Unisex Jackets	Italian-Made Jackets with Timeless Appeal	/collections/jackets	110	10	1.28	Transactional	
Caps Collections	Caps	Collections Page	baseball cap	Vintage & Embroidered Caps for Men & Women | Wild Donkey	Shop embroidered and vintage-style caps with relaxed fits. Made in Italy with chainstitch and pigment-dyed finishes.	Vintage & Embroidered Caps for Men & Women	Italian-Made Dad Caps with Retro Styling	/collections/caps	14800	38	0.37	Transactional	
Caps Collections	Caps	Collections Page	mens caps	Vintage & Embroidered Caps for Men & Women | Wild Donkey	Shop embroidered and vintage-style caps with relaxed fits. Made in Italy with chainstitch and pigment-dyed finishes.	Vintage & Embroidered Caps for Men & Women	Italian-Made Dad Caps with Retro Styling	/collections/caps	12100	27	0.33	Commercial	
Caps Collections	Caps	Collections Page	caps for men	Vintage & Embroidered Caps for Men & Women | Wild Donkey	Shop embroidered and vintage-style caps with relaxed fits. Made in Italy with chainstitch and pigment-dyed finishes.	Vintage & Embroidered Caps for Men & Women	Italian-Made Dad Caps with Retro Styling	/collections/caps	2900	24	0.35	Transactional	
Caps Collections	Caps	Collections Page	dad cap	Vintage & Embroidered Caps for Men & Women | Wild Donkey	Shop embroidered and vintage-style caps with relaxed fits. Made in Italy with chainstitch and pigment-dyed finishes.	Vintage & Embroidered Caps for Men & Women	Italian-Made Dad Caps with Retro Styling	/collections/caps	1300	16	0.41	Transactional	
Caps Collections	Caps	Collections Page	caps for women	Vintage & Embroidered Caps for Men & Women | Wild Donkey	Shop embroidered and vintage-style caps with relaxed fits. Made in Italy with chainstitch and pigment-dyed finishes.	Vintage & Embroidered Caps for Men & Women	Italian-Made Dad Caps with Retro Styling	/collections/caps	880	23	0.33	Transactional	
Caps Collections	Caps	Collections Page	embroidered cap	Vintage & Embroidered Caps for Men & Women | Wild Donkey	Shop embroidered and vintage-style caps with relaxed fits. Made in Italy with chainstitch and pigment-dyed finishes.	Vintage & Embroidered Caps for Men & Women	Italian-Made Dad Caps with Retro Styling	/collections/caps	480	12	1.28	Transactional	
Caps Collections	Caps	Collections Page	vintage caps	Vintage & Embroidered Caps for Men & Women | Wild Donkey	Shop embroidered and vintage-style caps with relaxed fits. Made in Italy with chainstitch and pigment-dyed finishes.	Vintage & Embroidered Caps for Men & Women	Italian-Made Dad Caps with Retro Styling	/collections/caps	480	16	0.45	Transactional	
Caps Collections	Caps	Collections Page	unisex caps	Vintage & Embroidered Caps for Men & Women | Wild Donkey	Shop embroidered and vintage-style caps with relaxed fits. Made in Italy with chainstitch and pigment-dyed finishes.	Vintage & Embroidered Caps for Men & Women	Italian-Made Dad Caps with Retro Styling	/collections/caps	30	29	0.22	Transactional	
Caps Collections	Caps	Collections Page	womens vintage caps	Vintage & Embroidered Caps for Men & Women | Wild Donkey	Shop embroidered and vintage-style caps with relaxed fits. Made in Italy with chainstitch and pigment-dyed finishes.	Vintage & Embroidered Caps for Men & Women	Italian-Made Dad Caps with Retro Styling	/collections/caps	20	14	0.34	Transactional	
Tote Bags Collections	Bags	Collections Page	large tote bag	Large Cotton Canvas Tote Bags, Vintage & Heavy Duty Styles | Wild Donkey	Shop large canvas tote bags made from durable cotton. Handmade in Italy with retro graphics and vintage-inspired construction built to last.	Large & Vintage-Inspired Canvas Tote Bags	Durable Cotton Totes. Handmade in Italy for Everyday Use	/collections/tote-bags	12100	36	0.34	Commercial	
Tote Bags Collections	Bags	Collections Page	canvas tote bag	Large Cotton Canvas Tote Bags, Vintage & Heavy Duty Styles | Wild Donkey	Shop large canvas tote bags made from durable cotton. Handmade in Italy with retro graphics and vintage-inspired construction built to last.	Large & Vintage-Inspired Canvas Tote Bags	Durable Cotton Totes. Handmade in Italy for Everyday Use	/collections/tote-bags	9900	29	0.49	Commercial	
Tote Bags Collections	Bags	Collections Page	cotton tote bag	Large Cotton Canvas Tote Bags, Vintage & Heavy Duty Styles | Wild Donkey	Shop large canvas tote bags made from durable cotton. Handmade in Italy with retro graphics and vintage-inspired construction built to last.	Large & Vintage-Inspired Canvas Tote Bags	Durable Cotton Totes. Handmade in Italy for Everyday Use	/collections/tote-bags	1900	19	0.64	Commercial	
Tote Bags Collections	Bags	Collections Page	vintage tote bag	Large Cotton Canvas Tote Bags, Vintage & Heavy Duty Styles | Wild Donkey	Shop large canvas tote bags made from durable cotton. Handmade in Italy with retro graphics and vintage-inspired construction built to last.	Large & Vintage-Inspired Canvas Tote Bags	Durable Cotton Totes. Handmade in Italy for Everyday Use	/collections/tote-bags	480	12	0.45	Transactional	
Tote Bags Collections	Bags	Collections Page	retro tote bag	Large Cotton Canvas Tote Bags, Vintage & Heavy Duty Styles | Wild Donkey	Shop large canvas tote bags made from durable cotton. Handmade in Italy with retro graphics and vintage-inspired construction built to last.	Large & Vintage-Inspired Canvas Tote Bags	Durable Cotton Totes. Handmade in Italy for Everyday Use	/collections/tote-bags	480	12	0.45	Transactional	
Tote Bags Collections	Bags	Collections Page	heavy duty tote bag	Large Cotton Canvas Tote Bags, Vintage & Heavy Duty Styles | Wild Donkey	Shop large canvas tote bags made from durable cotton. Handmade in Italy with retro graphics and vintage-inspired construction built to last.	Large & Vintage-Inspired Canvas Tote Bags	Durable Cotton Totes. Handmade in Italy for Everyday Use	/collections/tote-bags	320	0	0.5	Transactional	
Tote Bags Collections	Bags	Collections Page	graphic tote bag	Large Cotton Canvas Tote Bags, Vintage & Heavy Duty Styles | Wild Donkey	Shop large canvas tote bags made from durable cotton. Handmade in Italy with retro graphics and vintage-inspired construction built to last.	Large & Vintage-Inspired Canvas Tote Bags	Durable Cotton Totes. Handmade in Italy for Everyday Use	/collections/tote-bags	210	20	0.71	Commercial	
Sale Page Collections	Sale	Collections Page	vintage clothing sale	Vintage Clothing & Accessories Sale | Wild Donkey Official Discounts	Save on archive favourites from Wild Donkey. Discover vintage clothing and accessories, discounted but still handmade in Italy.	Vintage Clothing & Accessories Sale	Shop Wild Donkey Discounts on Classic Fits & Archive Staples	/collections/sale	480	0	0.47	Commercial	
Sale Page Collections	Sale	Collections Page	vintage accessories sale	Vintage Clothing & Accessories Sale | Wild Donkey Official Discounts	Save on archive favourites from Wild Donkey. Discover vintage clothing and accessories, discounted but still handmade in Italy.	Vintage Clothing & Accessories Sale	Shop Wild Donkey Discounts on Classic Fits & Archive Staples	/collections/sale	10	15		Transactional	
Sale Page Collections	Sale	Collections Page	wild donkey sale	Vintage Clothing & Accessories Sale | Wild Donkey Official Discounts	Save on archive favourites from Wild Donkey. Discover vintage clothing and accessories, discounted but still handmade in Italy.	Vintage Clothing & Accessories Sale	Shop Wild Donkey Discounts on Classic Fits & Archive Staples	/collections/sale	0	10		Branded Intent	1
Sale Page Collections	Sale	Collections Page	wild donkey clothing sale	Vintage Clothing & Accessories Sale | Wild Donkey Official Discounts	Save on archive favourites from Wild Donkey. Discover vintage clothing and accessories, discounted but still handmade in Italy.	Vintage Clothing & Accessories Sale	Shop Wild Donkey Discounts on Classic Fits & Archive Staples	/collections/sale	0	10		Branded Intent	1
Sale Page Collections	Sale	Collections Page	wild donkey discount	Vintage Clothing & Accessories Sale | Wild Donkey Official Discounts	Save on archive favourites from Wild Donkey. Discover vintage clothing and accessories, discounted but still handmade in Italy.	Vintage Clothing & Accessories Sale	Shop Wild Donkey Discounts on Classic Fits & Archive Staples	/collections/sale	0	11		Branded Intent	2
New Arrivals Collections	New Arrivals	Collections Page	wild donkey new arrivals	New Arrivals at Wild Donkey – Vintage-Inspired Drops Just In	Explore the latest vintage-inspired styles just dropped at Wild Donkey. New jackets, tees, accessories and more, made in Italy with retro attitude.	New Arrivals: Fresh from the Wild Donkey Archive	Explore This Season's Vintage-Inspired Drops in Every Category	/collections/new	0	11		Branded Intent	1
Homepage	Brand Discovery	Homepage	vintage clothing	Wild Donkey: Vintage & Retro Clothing Made in Italy	Discover Wild Donkey’s vintage and retro-inspired clothing. Italian-made t-shirts, sweatshirts and more, crafted with artisan detail and nostalgic design.	Wild Donkey Vintage & Retro-Inspired Clothing	Italian-Made Apparel with a Nostalgic Edge	/	22200	54	0.46	Commercial	
Homepage	Brand Discovery	Homepage	retro clothing	Wild Donkey: Vintage & Retro Clothing Made in Italy	Discover Wild Donkey’s vintage and retro-inspired clothing. Italian-made t-shirts, sweatshirts and more, crafted with artisan detail and nostalgic design.	Wild Donkey Vintage & Retro-Inspired Clothing	Italian-Made Apparel with a Nostalgic Edge	/	1900	0	0.49	Commercial	
Homepage	Brand Discovery	Homepage	vintage t-shirts	Wild Donkey: Vintage & Retro Clothing Made in Italy	Discover Wild Donkey’s vintage and retro-inspired clothing. Italian-made t-shirts, sweatshirts and more, crafted with artisan detail and nostalgic design.	Wild Donkey Vintage & Retro-Inspired Clothing	Italian-Made Apparel with a Nostalgic Edge	/	210	26		Transactional	
Homepage	Brand Discovery	Homepage	italian made clothing	Wild Donkey: Vintage & Retro Clothing Made in Italy	Discover Wild Donkey’s vintage and retro-inspired clothing. Italian-made t-shirts, sweatshirts and more, crafted with artisan detail and nostalgic design.	Wild Donkey Vintage & Retro-Inspired Clothing	Italian-Made Apparel with a Nostalgic Edge	/	90	0	0.35	Commercial	
Homepage	Brand Discovery	Homepage	wild donkey clothing	Wild Donkey: Vintage & Retro Clothing Made in Italy	Discover Wild Donkey’s vintage and retro-inspired clothing. Italian-made t-shirts, sweatshirts and more, crafted with artisan detail and nostalgic design.	Wild Donkey Vintage & Retro-Inspired Clothing	Italian-Made Apparel with a Nostalgic Edge	/	20	0		Branded Intent	1
About Page	Brand Story	Content Page	americana vintage	About Wild Donkey, a Vintage Clothing Brand	Learn about Wild Donkey, the vintage-inspired brand rooted in Americana style and Italian craftsmanship. Discover our story.	About Wild Donkey	A Vintage Brand Built on Italian Craft and Americana Spirit	/pages/about-us	210	22		Informational	
About Page	Brand Story	Content Page	wild donkey clothing	About Wild Donkey, a Vintage Clothing Brand	Learn about Wild Donkey, the vintage-inspired brand rooted in Americana style and Italian craftsmanship. Discover our story.	About Wild Donkey	A Vintage Brand Built on Italian Craft and Americana Spirit	/pages/about-us	40	0		Branded Intent	1
About Page	Brand Story	Content Page	wild donkey company	About Wild Donkey, a Vintage Clothing Brand	Learn about Wild Donkey, the vintage-inspired brand rooted in Americana style and Italian craftsmanship. Discover our story.	About Wild Donkey	A Vintage Brand Built on Italian Craft and Americana Spirit	/pages/about-us	10	16		Branded Intent	1
FAQ Page	Customer Support	Content Page	wild donkey shipping	Shipping, Returns & Support – Wild Donkey FAQs	Find answers to your questions about shipping, returns, order tracking and more. Explore our FAQs and learn how Wild Donkey can help.	Wild Donkey FAQs	Shipping, Returns, Orders and Customer Support	/pages/faq		8		Branded Intent	1
FAQ Page	Customer Support	Content Page	wild donkey support	Shipping, Returns & Support – Wild Donkey FAQs	Find answers to your questions about shipping, returns, order tracking and more. Explore our FAQs and learn how Wild Donkey can help.	Wild Donkey FAQs	Shipping, Returns, Orders and Customer Support	/pages/faq		17		Branded Intent	1
FAQ Page	Customer Support	Content Page	wild donkey returns	Shipping, Returns & Support – Wild Donkey FAQs	Find answers to your questions about shipping, returns, order tracking and more. Explore our FAQs and learn how Wild Donkey can help.	Wild Donkey FAQs	Shipping, Returns, Orders and Customer Support	/pages/faq	0	25		Branded Intent	1
FAQ Page	Customer Support	Content Page	wild donkey faq	Shipping, Returns & Support – Wild Donkey FAQs	Find answers to your questions about shipping, returns, order tracking and more. Explore our FAQs and learn how Wild Donkey can help.	Wild Donkey FAQs	Shipping, Returns, Orders and Customer Support	/pages/faq		16		Branded Intent	1